first_name,last_name,email
Cornie,Brackley,cbrackley0@about.me
Wyatt,Uren,wuren1@nymag.com
Kiersten,Jodlowski,kjodlowski2@chron.com
Elyn,Kellog,ekellog3@intel.com
Fernanda,MacAne,fmacane4@usda.gov
Neall,Huxton,nhuxton5@cam.ac.uk
Maisie,McElvine,mmcelvine6@blogger.com
Griswold,Burr,gburr7@angelfire.com
Angela,Comins,acomins8@mediafire.com
Wilt,Bennike,wbennike9@gnu.org
Woodman,Doylend,wdoylenda@kickstarter.com
Carlie,Fenlon,cfenlonb@oakley.com
Pier,Scrammage,pscrammagec@seesaa.net
Rachelle,Piletic,rpileticd@squidoo.com
Happy,Szymaniak,hszymaniake@parallels.com
Orelia,Mercy,omercyf@canalblog.com
Rosaleen,Halfhide,rhalfhideg@craigslist.org
Merrili,Dufer,mduferh@yellowpages.com
Alf,Fynan,afynani@ocn.ne.jp
Alex,Mant,amantj@myspace.com
Penny,Keneleyside,pkeneleysidek@ox.ac.uk
Stefania,Bumby,sbumbyl@businessinsider.com
Martita,Wynrehame,mwynrehamem@buzzfeed.com
Sabra,Schumacher,sschumachern@state.tx.us
Gordy,Pontefract,gpontefracto@cbsnews.com
Yettie,Gandar,ygandarp@ed.gov
Diena,Kenworthey,dkenwortheyq@cnn.com
Burl,MacCawley,bmaccawleyr@oracle.com
Virgie,Scantlebury,vscantleburys@epa.gov
Leeanne,Alcide,lalcidet@walmart.com
Elsworth,Reignard,ereignardu@4shared.com
Pier,Tunmore,ptunmorev@tiny.cc
Danila,Sayles,dsaylesw@narod.ru
Anders,Simic,asimicx@thetimes.co.uk
Elnar,Bointon,ebointony@senate.gov
Clarence,Baldelli,cbaldelliz@ca.gov
Sacha,Tollett,stollett10@addtoany.com
Willa,cornhill,wcornhill11@cyberchimps.com
Taber,Wycherley,twycherley12@linkedin.com
Jaclyn,Timson,jtimson13@opera.com
Theda,Annell,tannell14@businessinsider.com
Sukey,Flowerdew,sflowerdew15@plala.or.jp
Gratia,Keasy,gkeasy16@admin.ch
Dorree,Kinloch,dkinloch17@ameblo.jp
Muhammad,Ongin,mongin18@fotki.com
Philbert,Ors,pors19@imageshack.us
Abigael,Buffery,abuffery1a@cmu.edu
Benjamen,Whitwood,bwhitwood1b@tuttocitta.it
Gale,Dytham,gdytham1c@seesaa.net
Janeva,McCroft,jmccroft1d@wp.com
Faulkner,Fruish,ffruish1e@symantec.com
Darrelle,Greensted,dgreensted1f@discovery.com
Minta,Dymick,mdymick1g@microsoft.com
Ermengarde,Crates,ecrates1h@behance.net
Willette,Thomke,wthomke1i@nhs.uk
Shell,Dever,sdever1j@surveymonkey.com
Mannie,Howard - Gater,mhowardgater1k@eepurl.com
Leontyne,Bastard,lbastard1l@wikimedia.org
Joyce,Benkin,jbenkin1m@themeforest.net
Aubert,Navarro,anavarro1n@ask.com
Raven,Kitteridge,rkitteridge1o@miibeian.gov.cn
Derrek,Kirimaa,dkirimaa1p@bluehost.com
Zacharie,Buttler,zbuttler1q@google.ru
Wes,Pischoff,wpischoff1r@java.com
Susanetta,MacKnockiter,smacknockiter1s@squarespace.com
Margalo,Arger,marger1t@booking.com
Gray,Marcroft,gmarcroft1u@cloudflare.com
Freeman,Rowly,frowly1v@geocities.com
Lilah,Becket,lbecket1w@indiatimes.com
Nester,Sewall,nsewall1x@businessinsider.com
Myrilla,Ughini,mughini1y@engadget.com
Sheeree,Stitt,sstitt1z@flickr.com
Xenos,Massimo,xmassimo20@geocities.com
Pauli,Vanns,pvanns21@imdb.com
Davide,Paireman,dpaireman22@angelfire.com
Harman,Rigate,hrigate23@umich.edu
Terese,Treves,ttreves24@dedecms.com
Parke,Culley,pculley25@pen.io
Desdemona,Mead,dmead26@shutterfly.com
Darya,Dupree,ddupree27@netlog.com
Winnifred,Depper,wdepper28@bbc.co.uk
Ansel,Georgievski,ageorgievski29@dailymotion.com
Melony,Laver,mlaver2a@dailymotion.com
Dari,Dunkley,ddunkley2b@java.com
Dody,Rigg,drigg2c@yolasite.com
Karissa,Timny,ktimny2d@slashdot.org
Ibrahim,Lardge,ilardge2e@narod.ru
Howard,Fyndon,hfyndon2f@mlb.com
Rhea,Wildblood,rwildblood2g@ftc.gov
Cherianne,Maywood,cmaywood2h@chicagotribune.com
Vincent,Coggen,vcoggen2i@addtoany.com
Corrine,Mouan,cmouan2j@un.org
Lianna,Huniwall,lhuniwall2k@ehow.com
Gracia,Calleja,gcalleja2l@youtu.be
Chancey,Gregson,cgregson2m@wordpress.com
Giuseppe,Driffe,gdriffe2n@who.int
Aimee,Gerner,agerner2o@unblog.fr
Hatti,Henke,hhenke2p@timesonline.co.uk
Kristoforo,Cortez,kcortez2q@bravesites.com
Rawley,Larive,rlarive2r@psu.edu
C�sar,Mayta,cesarmayta@ed.team
Alvaro,Felipe,alvaro@ed.team

César,Mayta,cesarmayta@ed.team
Alvaro,Felipe,alvaro@ed.team
